name,serotype,source,cluster,location
500_021_Ogawa_S41_2021,Ogawa,ctc,ctc,Karisimbi
12_021_Ogawa_S37_2021,Ogawa,ctc,ctc,Hospital Militaire 
85_021_Ogawa_S26_2021,Ogawa,ctc,ctc,Miti murhessa
75_021_Ogawa_S52_2021,Ogawa,ctc,ctc,Buhimba
168_021_Ogawa_S55_2021,Ogawa,ctc,ctc,Kasika
206_021_Ogawa_S43_2021,Ogawa,ctc,ctc,Sake
211_021_Ogawa_S42_2021,Ogawa,ctc,ctc,Kasika
223_021_Ogawa_S48_2021,Ogawa,ctc,ctc,Buhimba
397_019_Ogawa_S80_2021,Ogawa,ctc,ctc,Buhimba
383_019_Ogawa_S76_2021,Ogawa,ctc,ctc,Rutshuru
414_021_Ogawa_S39_2021,Ogawa,ctc,ctc,Idjwi
398_021_Ogawa_S61_2021,Ogawa,ctc,ctc,Uvira
405_021_Ogawa_S29_2021,Ogawa,ctc,ctc,Minova
5_021_Ogawa_S38_2021,Ogawa,ctc,ctc,Kiziba
10_021_Ogawa_S25_2021,Ogawa,ctc,ctc,Buhimba
626_021_Ogawa_S49_2021,Ogawa,ctc,ctc,Sake
645_021_Ogawa_S68_2021,Ogawa,ctc,ctc,Bakara
643_021_Ogawa_S31_2021,Ogawa,ctc,ctc,Minova
648_021_Ogawa_S50_2021,Ogawa,ctc,ctc,Bakara
627_021_Ogawa_S32_2021,Ogawa,ctc,ctc,Sake
628_021_Ogawa_S51_2021,Ogawa,ctc,ctc,Sake
664_021_Ogawa_S48_2021,Ogawa,ctc,ctc,Sake
665_021_Ogawa_S28_2021,Ogawa,ctc,ctc,Sake
669_021_Ogawa_S62_2021,Ogawa,ctc,ctc,Buhimba
671_021_Ogawa_S35_2021,Ogawa,ctc,ctc,Sake
737_021_Ogawa_S59_2021,Ogawa,ctc,ctc,Bakara
714_021_Ogawa_S27_2021,Ogawa,ctc,ctc,Idjwi
720_021_Ogawa_S57_2021,Ogawa,ctc,ctc,Kasika
761_021_Ogawa_S23_2021,Ogawa,ctc,ctc,Sake
787_021_Ogawa_S37_2021,Ogawa,ctc,ctc,Sake
788_021_Ogawa_S42_2021,Ogawa,ctc,ctc,Sake
856_021_Ogawa_S34_2021,Ogawa,ctc,ctc,Sake
891_021_Ogawa_S47_2021,Ogawa,ctc,ctc,Prison
621_021_Ogawa_S30_2021,Ogawa,ctc,ctc,Sake
906_021_Ogawa_S24_2021,Ogawa,ctc,ctc,Sake
961_021_Ogawa_S58_2021,Ogawa,ctc,ctc,Bakara
934_021_Ogawa_S63_2021,Ogawa,ctc,ctc,Hospital Militaire 
1013_021_Ogawa_S29_2021,Ogawa,ctc,ctc,Bakara
1021_021_Ogawa_S36_2021,Ogawa,ctc,ctc,Uvira
1028_021_Ogawa_S40_2021,Ogawa,ctc,ctc,Sake
1094_021_Ogawa_S56_2021,Ogawa,ctc,ctc,Bakara
1138_021_Ogawa_S60_2021,Ogawa,ctc,ctc,Kitika
1195_021_Ogawa_S38_2021,Ogawa,ctc,ctc,Idjwi
1262_021_Ogawa_S34_2021,Ogawa,ctc,ctc,Kitutu
1263_021_Ogawa_S32_2021,Ogawa,ctc,ctc,Kitutu
1256_021_Ogawa_S30_2021,Ogawa,ctc,ctc,Kitutu
1226_021_Ogawa_S54_2021,Ogawa,ctc,ctc,Kasika
1244_021_Ogawa_S40_2021,Ogawa,ctc,ctc,Kitutu
1329_021_Ogawa_S26_2021,Ogawa,ctc,ctc,Kitutu
1317_021_Ogawa_S39_2021,Ogawa,ctc,ctc,Uvira
1320_021_Ogawa_S36_2021,Ogawa,ctc,ctc,Kitutu
1330_021_Ogawa_S35_2021,Ogawa,ctc,ctc,Kitutu
1334_021_Ogawa_S33_2021,Ogawa,ctc,ctc,Kitutu
1344_021_Ogawa_S31_2021,Ogawa,ctc,ctc,Kiziba
1422_021_Ogawa_S44_2021,Ogawa,ctc,ctc,Nundu
1498_021_Ogawa_S41_2021,Ogawa,ctc,ctc,Bakara
1495_021_Ogawa_S45_2021,Ogawa,ctc,ctc,Bakara
1512_021_Inaba_S46_2021,Inaba,ctc,ctc,Uvira
1523_021_Ogawa_S27_2021,Ogawa,ctc,ctc,Kasika
1583_021_Ogawa_S28_2021,Ogawa,ctc,ctc,Bakara
1556_021_Ogawa_S46_2021,Ogawa,ctc,ctc,Bakara
GC_628_022_S23_Inaba_2022,Inaba,ctc,ctc,Kirotshe
GC_923_019_S22_Inaba_2022,Inaba,ctc,ctc,Kirotshe
GC_1154_022_S9_Inaba_2022,Inaba,ctc,ctc,Karisimbi
GC_1390_022_S24_Inaba_2022,Inaba,ctc,ctc,Buhimba
GC_2643_022_S20_Hikojima_2022,Hikojima,ctc,ctc,Kirotshe
GC_2735_022_S10_Hikojima_2022,Hikojima,ctc,ctc,Buhimba
140_S140_S3_Ogawa_2022,Ogawa,env,env,Bulengo
139_S139_S2_Ogawa_2022,Ogawa,env,env,Bulengo
144_S144_S4_Ogawa_2022,Ogawa,env,env,Bulengo
GC_3239_022_S4_Hikojima_2022,Hikojima,ctc,ctc,Katoyi
GC_3243_022_S16_Hikojima_2022,Hikojima,ctc,ctc,Buhimba
GC_3357_022_S17_Hikojima_2022,Hikojima,ctc,ctc,Fizi
16_S16_Hikojima_2022,Hikojima,campsite,cluster-e,Munigi
GE_1227_2_2_S3_Ogawa_2022,Ogawa,env,env,Bulengo
15_S15_Ogawa_2022,Ogawa,campsite,cluster-e,Kanyaruchinya
GC_3579_022_S8_Hikojima_2022,Hikojima,ctc,ctc,Buhimba
141_S141_Ogawa_2022,Ogawa,env,env,Bulengo
GE_1229_2_3_S6_Ogawa_2022,Ogawa,env,env,Lushagala
GE_3007_2_7_S2_Ogawa_2022,Ogawa,env,env,Lac vert
143_S143_Ogawa_2022,Ogawa,env,env,Lushagala
GC_3656_022_S13_Hikojima_2022,Hikojima,ctc,ctc,Kirotshe
GC_3661_022_S18_Hikojima_2022,Hikojima,ctc,ctc,Kirotshe
142_S142_Ogawa_2022,Ogawa,env,env,Lushagala
GE_1237_2_1_S14_Ogawa_2022,Ogawa,env,env,Bulengo
147_S147_Ogawa_2022,Ogawa,env,env,Kamuchanga
149_S149_Ogawa_2022,Ogawa,env,env,Bulengo
GE_1237_2_4_S1_Ogawa_2022,Ogawa,env,env,Bulengo
148_S148_Ogawa_2022,Ogawa,env,env,Lushagala
5_S5_Ogawa_2022,Ogawa,campsite,cluster-e,Kanyaruchinya
5280_S77_Ogawa_2022,Ogawa,campsite,cluster-e,Kanyaruchinya
63_S63_Hikojima_2022,Hikojima,campsite,cluster-d,Don-Bosco
75_S75_Hikojima_2022,Hikojima,campsite,cluster-e,Munigi
12_S12_Ogawa_2022,Ogawa,campsite,cluster-e,Kanyaruchinya
5292_S76_Ogawa_2022,Ogawa,campsite,cluster-e,Kanyaruchinya
69_S69_Inaba_2022,Inaba,campsite,cluster-e,Kanyaruchinya
10_S10_Ogawa_2022,Ogawa,campsite,cluster-e,Kanyaruchinya
59_S59_Ogawa_2022,Ogawa,campsite,cluster-e,Munigi
5410_S54_Ogawa_2022,Ogawa,campsite,cluster-e,Kibati
65_S65_Ogawa_2022,Ogawa,campsite,cluster-e,Kanyaruchinya
68_S68_Ogawa_2022,Ogawa,campsite,cluster-e,Munigi
11_S11_Ogawa_2022,Ogawa,campsite,cluster-e,Munigi
66_S66_Ogawa_2022,Ogawa,campsite,cluster-e,Kanyaruchinya
121_S121_Hikojima_2022,Hikojima,campsite,cluster-e,Munigi
7_S7_Ogawa_2022,Ogawa,campsite,cluster-e,Kanyaruchinya
70_S70_Ogawa_2022,Ogawa,campsite,cluster-e,Munigi
58_S58_Inaba_2022,Inaba,campsite,cluster-d,Don-Bosco
122_S122_Inaba_2022,Inaba,campsite,cluster-e,Munigi
6001_S70_Inaba_2022,Inaba,campsite,cluster-e,Kanyaruchinya
6024_S71_Inaba_2022,Inaba,campsite,cluster-e,Munigi
72_S72_Inaba_2022,Inaba,campsite,cluster-e,Kanyaruchinya
73_S73_Inaba_2022,Inaba,campsite,cluster-e,Munigi
2_S2_Ogawa_2022,Ogawa,campsite,cluster-e,Munigi
1_S1_Ogawa_2022,Ogawa,campsite,cluster-e,Munigi
126_S126_Inaba_2022,Inaba,campsite,cluster-e,Munigi
3_S3_Ogawa_2022,Ogawa,campsite,cluster-e,Munigi
4_S4_Inaba_2022,Inaba,campsite,cluster-e,Kanyaruchinya
17_S17_Inaba_2022,Inaba,campsite,cluster-e,Munigi
20_S20_Inaba_2022,Inaba,campsite,cluster-e,Kibati
124_S124_Inaba_2022,Inaba,campsite,cluster-e,Kibati
18_S18_Ogawa_2022,Ogawa,campsite,cluster-e,Kanyaruchinya
19_S19_Ogawa_2022,Ogawa,campsite,cluster-e,Munigi
150_S150_Ogawa_2022,Ogawa,env,env,Bulengo
6245_22_S103_Ogawa_2022,Ogawa,campsite,cluster-e,Kibati
6246_22_S102_Ogawa_2022,Ogawa,campsite,cluster-e,Kibati
6362_S57_Ogawa_2022,Ogawa,campsite,cluster-e,Munigi
77_S77_Ogawa_2022,Ogawa,campsite,cluster-e,Kanyaruchinya
123_S123_Ogawa_2022,Ogawa,campsite,cluster-e,Munigi
125_S125_Hikojima_2022,Hikojima,campsite,cluster-e,Munigi
199_S199_Ogawa_2022,Ogawa,campsite,cluster-e,Kanyaruchinya
71_S71_Ogawa_2022,Ogawa,campsite,cluster-e,Munigi
74_S74_Ogawa_2022,Ogawa,campsite,cluster-e,Kanyaruchinya
6375_S78_Ogawa_2022,Ogawa,campsite,cluster-e,Kanyaruchinya
6393_S72_Ogawa_2022,Ogawa,campsite,cluster-e,Munigi
76_S76_Ogawa_2022,Ogawa,campsite,cluster-e,Kanyaruchinya
13_S13_Inaba_2022,Inaba,campsite,cluster-e,Munigi
6412_S56_Ogawa_2022,Ogawa,campsite,cluster-e,Kanyaruchinya
14_S14_Ogawa_2022,Ogawa,campsite,cluster-e,Kanyaruchinya
22_S22_Inaba_2022,Inaba,campsite,cluster-e,Munigi
24_S24_Inaba_2022,Inaba,campsite,cluster-e,Kanyaruchinya
6483_22_S105_Inaba_2022,Inaba,campsite,cluster-e,Kibati
6484_22_S104_Inaba_2022,Inaba,campsite,cluster-e,Kibati
23_S23_Ogawa_2022,Ogawa,campsite,cluster-e,Munigi
7071_22_S108_Inaba_2022,Inaba,campsite,cluster-d,Don-Bosco
7168_22_S109_Inaba_2022,Inaba,campsite,cluster-d,Don-Bosco
7227_22_S107_Ogawa_2022,Ogawa,campsite,cluster-d,Don-Bosco
7228_22_S106_Ogawa_2022,Ogawa,campsite,cluster-d,Don-Bosco
7229_22_S110_Ogawa_2022,Ogawa,campsite,cluster-d,Don-Bosco
7169_23_S69_Ogawa_2022,Ogawa,campsite,cluster-e,Munigi
7171_22_S70_Ogawa_2022,Ogawa,campsite,cluster-d,Don-Bosco
7174_22_S71_Ogawa_2022,Ogawa,campsite,cluster-d,Don-Bosco
7073_23_S2_Inaba_2022,Inaba,campsite,cluster-d,Don-Bosco
28_S28_Inaba_2023,Inaba,campsite,cluster-d,Don-Bosco
132_23_S82_Ogawa_2022,Ogawa,campsite,cluster-d,Don-Bosco
200_S200_Ogawa_2023,Ogawa,campsite,cluster-d,Don-Bosco
174_S65_Ogawa_2023,Ogawa,campsite,cluster-d,Don-Bosco
221_S73_Inaba/Ogawa_2023,Inaba,campsite,cluster-e,Kanyaruchinya
80_S80_Ogawa_2023,Ogawa,campsite,cluster-e,Kanyaruchinya
175_23_S8_Ogawa_2023,Ogawa,campsite,cluster-d,Don-Bosco
176_23_S5_Ogawa_2023,Ogawa,campsite,cluster-d,Don-Bosco
177_23_S76_Ogawa_2023,Ogawa,campsite,cluster-d,Don-Bosco
29_S29_Inaba_2023,Inaba,campsite,cluster-e,Kanyaruchinya
249_S74_Ogawa_2023,Ogawa,campsite,cluster-e,Kanyaruchinya
269_S79_Ogawa_2023,Ogawa,campsite,cluster-e,Munigi
78_S78_Ogawa_2023,Ogawa,campsite,cluster-e,Kanyaruchinya
131_S131_Ogawa_2023,Ogawa,campsite,cluster-e,Munigi
195_S195_Ogawa_2023,Ogawa,campsite,cluster-e,Kanyaruchinya
298_S66_Ogawa_2023,Ogawa,campsite,cluster-e,Kanyaruchinya
320_23_S6_Ogawa_2023,Ogawa,campsite,cluster-d,Don-Bosco
323_23_S3_Ogawa_2023,Ogawa,campsite,cluster-d,Don-Bosco
193_S193_Ogawa_2023,Ogawa,campsite,cluster-e,Kanyaruchinya
194_S194_Ogawa_2023,Ogawa,campsite,cluster-e,Munigi
383_23_S4_Ogawa_2023,Ogawa,campsite,cluster-d,Don-Bosco
25_S25_Ogawa_2023,Ogawa,campsite,cluster-e,Kanyaruchinya
112_S112_Inaba_2023,Inaba,campsite,cluster-e,Munigi
191_S191_Inaba_2023,Inaba,campsite,cluster-e,Munigi
27_S27_Inaba_2023,Inaba,campsite,cluster-e,Munigi
434_23_S1_Ogawa_2023,Ogawa,campsite,cluster-d,Don-Bosco
26_S26_Inaba_2023,Inaba,campsite,cluster-e,Munigi
107_S107_Inaba_2023,Inaba,campsite,cluster-e,Kanyaruchinya
21_S21_Ogawa_2023,Ogawa,campsite,cluster-e,Kibati
696_23_S75_Ogawa_2023,Ogawa,campsite,cluster-e,Kibati
192_S192_Ogawa_2023,Ogawa,campsite,cluster-e,Kibati
101_S101_Ogawa_2023,Ogawa,campsite,cluster-e,Kibati
109_S109_Ogawa_2023,Ogawa,campsite,cluster-e,Kanyaruchinya
120_S120_Inaba_2023,Inaba,campsite,cluster-e,Kanyaruchinya
909_23_S84_Ogawa_2023,Ogawa,campsite,cluster-e,Kibati
915_S75_Inaba_2023,Inaba,campsite,cluster-e,Kibati
919_23_S81_Ogawa_2023,Ogawa,campsite,cluster-e,Kibati
916_23_S74_Ogawa_2023,Ogawa,campsite,cluster-e,Kibati
917_23_S73_Ogawa_2023,Ogawa,campsite,cluster-e,Kibati
946_23_S80_Ogawa_2023,Ogawa,campsite,cluster-e,Kibati
951_23_S83_Inaba_2023,Inaba,campsite,cluster-e,Kibati
949_23_S24_Ogawa_2023,Ogawa,campsite,cluster-e,Kibati
103_S103_Ogawa_2023,Ogawa,campsite,cluster-c,Rusayo
1177_S50_Ogawa_2023,Ogawa,campsite,cluster-e,Kanyaruchinya
189_S189_Ogawa_2023,Ogawa,campsite,cluster-e,Kibati
32_S32_Ogawa_2023,Ogawa,campsite,cluster-e,Munigi
38_S38_Ogawa_2023,Ogawa,campsite,cluster-e,Munigi
1185_23_S23_Ogawa_2023,Ogawa,campsite,cluster-e,Kibati
39_S39_Inaba_2023,Inaba,campsite,cluster-c,Rusayo
1523_23_S21_Inaba_2023,Inaba,campsite,cluster-e,Kibati
1752_S52_Ogawa_2023,Ogawa,campsite,cluster-b,Bulengo
1753_23_S22_Ogawa_2023,Ogawa,campsite,cluster-b,Bulengo
1908_23_S19_Ogawa_2023,Ogawa,campsite,cluster-b,Bulengo
36_S36_Ogawa_2023,Ogawa,campsite,cluster-c,Rusayo
44_S44_Inaba_2023,Inaba,campsite,cluster-e,Kibati
37_S37_Inaba_2023,Inaba,campsite,cluster-c,Rusayo
2029_23_S94_Ogawa_2023,Ogawa,campsite,cluster-e,Kibati
33_S33_Ogawa_2023,Ogawa,campsite,cluster-c,Rusayo
34_S34_Inaba_2023,Inaba,campsite,cluster-c,Rusayo
40_S40_Inaba_2023,Inaba,campsite,cluster-a,Nzulo
102_S102_Ogawa_2023,Ogawa,campsite,cluster-e,Kanyaruchinya
104_S104_Ogawa_2023,Ogawa,campsite,cluster-b,Bulengo
47_S47_Hikojima_2023,Hikojima,campsite,cluster-b,Bulengo
48_S48_Inaba_2023,Inaba,campsite,cluster-e,Kibati
62_S62_Ogawa_2023,Ogawa,campsite,cluster-e,Munigi
84_S84_Ogawa_2023,Ogawa,campsite,cluster-d,Don-Bosco
2404_23_S51_Inaba_2023,Inaba,campsite,cluster-a,Nzulo
2409_23_S52_Inaba_2023,Inaba,campsite,cluster-a,Nzulo
127_S127_Ogawa_2023,Ogawa,campsite,cluster-e,Kibati
2428_23_S57_Inaba_2023,Inaba,campsite,cluster-d,Don-Bosco
2431_23_S95_Ogawa_2023,Ogawa,campsite,cluster-b,Bulengo
2432_23_S92_Ogawa_2023,Ogawa,campsite,cluster-b,Bulengo
2439_23_S93_Ogawa_2023,Ogawa,campsite,cluster-b,Bulengo
2448_23_S91_Ogawa_2023,Ogawa,campsite,cluster-b,Bulengo
2449_23_S90_Ogawa_2023,Ogawa,campsite,cluster-b,Bulengo
2452_23_S88_Ogawa_2023,Ogawa,campsite,cluster-b,Bulengo
2563_23_S14_Ogawa_2023,Ogawa,campsite,cluster-b,Bulengo
35_S35_Inaba_2023,Inaba,campsite,cluster-a,Nzulo
83_S83_Ogawa_2023,Ogawa,campsite,cluster-e,Munigi
99_S99_Ogawa_2023,Ogawa,campsite,cluster-b,Bulengo
2433_23_S20_Ogawa_2023,Ogawa,campsite,cluster-b,Bulengo
2444_23_S17_Ogawa_2023,Ogawa,campsite,cluster-b,Bulengo
2450_23_S18_Ogawa_2023,Ogawa,campsite,cluster-b,Bulengo
98_S98_Ogawa_2023,Ogawa,campsite,cluster-b,Bulengo
2562_23_S87_Ogawa_2023,Ogawa,campsite,cluster-b,Bulengo
81_S81_Ogawa_2023,Ogawa,campsite,cluster-e,Kanyaruchinya
2507_23_S56_Inaba_2023,Inaba,campsite,cluster-a,Nzulo
2508_23_S53_Inaba_2023,Inaba,campsite,cluster-a,Nzulo
2510_23_S54_Inaba_2023,Inaba,campsite,cluster-a,Nzulo
2540_23_S89_Ogawa_2023,Ogawa,campsite,cluster-e,Kibati
2543_23_S16_Ogawa_2023,Ogawa,campsite,cluster-e,Kibati
2550_23_S13_Ogawa_2023,Ogawa,campsite,cluster-b,Bulengo
2564_23_S11_Ogawa_2023,Ogawa,campsite,cluster-b,Bulengo
2566_23_S12_Ogawa_2023,Ogawa,campsite,cluster-b,Bulengo
97_S97_Ogawa_2023,Ogawa,campsite,cluster-e,Kibati
30_S30_Inaba_2023,Inaba,campsite,cluster-c,Rusayo
31_S31_Inaba_2023,Inaba,campsite,cluster-d,Don-Bosco
41_S41_Hikojima_2023,Hikojima,campsite,cluster-d,Don-Bosco
54_S54_Inaba_2023,Inaba,campsite,cluster-d,Don-Bosco
2798_23_S86_Inaba_2023,Inaba,campsite,cluster-e,Kibati
60_S60_Ogawa_2023,Ogawa,campsite,cluster-b,Bulengo
2860_23_S66_Inaba_2023,Inaba,campsite,cluster-d,Don-Bosco
2908_23_S65_Inaba_2023,Inaba,campsite,cluster-d,Don-Bosco
2911_23_S59_Inaba_2023,Inaba,campsite,cluster-d,Don-Bosco
45_S45_Ogawa_2023,Ogawa,campsite,cluster-e,Kanyaruchinya
57_S57_Ogawa_2023,Ogawa,campsite,cluster-e,Munigi
3167_23_S60_Inaba_2023,Inaba,campsite,cluster-d,Don-Bosco
3176_23_S6_Inaba_2023,Inaba,campsite,cluster-d,Don-Bosco
3177_23_S55_Inaba_2023,Inaba,campsite,cluster-d,Don-Bosco
3260_23_S64_Ogawa_2023,Ogawa,campsite,cluster-d,Don-Bosco
46_S46_Ogawa_2023,Ogawa,campsite,cluster-b,Bulengo
51_S51_Hikojima_2023,Hikojima,campsite,cluster-c,Rusayo
61_S61_Ogawa_2023,Ogawa,campsite,cluster-d,Don-Bosco
3439_23_S58_Inaba_2023,Inaba,campsite,cluster-a,Nzulo
3604_S53_Ogawa_2023,Ogawa,campsite,cluster-d,Don-Bosco
42_S42_Inaba_2023,Inaba,campsite,cluster-e,Kanyaruchinya
53_S53_Inaba_2023,Inaba,campsite,cluster-a,Nzulo
3502_23_S9_Ogawa_2023,Ogawa,campsite,cluster-b,Bulengo
3549_S69_Inaba_2023,Inaba,campsite,cluster-e,Kanyaruchinya
3596_23_S79_Inaba_2023,Inaba,campsite,cluster-b,Bulengo
3597_23_S10_Ogawa_2023,Ogawa,campsite,cluster-b,Bulengo
3602_23_S61_Inaba_2023,Inaba,campsite,cluster-d,Don-Bosco
3609_23_S63_Inaba_2023,Inaba,campsite,cluster-d,Don-Bosco
145_S145_Inaba_2023,Inaba,env,env,Buhimba
146_S146_Inaba_2023,Inaba,env,env,Buhimba
138_S138_Ogawa_2023,Ogawa,env,env,Mubambiro mouth
137_S137_S1_Ogawa_2023,Ogawa,env,env,Mubambiro mouth
190_S190_Ogawa_2023,Ogawa,campsite,cluster-c,Rusayo
43_S43_Inaba_2023,Inaba,campsite,cluster-b,Bulengo
50_S50_Ogawa_2023,Ogawa,campsite,cluster-c,Rusayo
188_S188_Inaba_2023,Inaba,campsite,cluster-c,Rusayo
4086_S64_Inaba_2023,Inaba,ctc,ctc,Buhimba
4087_S51_Hikojima_2023,Hikojima,ctc,ctc,Buhimba
4144_S55_Inaba_2023,Inaba,campsite,cluster-e,Munigi
4152_S60_Hikojima_2023,Hikojima,campsite,cluster-c,Rusayo
118_S118_Inaba_2023,Inaba,campsite,cluster-a,Nzulo
4232_S62_Inaba_2023,Inaba,campsite,cluster-e,Munigi
93_S93_Inaba_2023,Inaba,campsite,cluster-e,Munigi
8_S8_Ogawa_2023,Ogawa,campsite,cluster-e,Kanyaruchinya
4188_23_S7_Inaba_2023,Inaba,campsite,cluster-a,Nzulo
87_S87_Ogawa_2023,Ogawa,campsite,cluster-e,Kanyaruchinya
4258_S59_Ogawa_2023,Ogawa,campsite,cluster-a,Nzulo
4234_S68_Inaba_2023,Inaba,ctc,ctc,Buhimba
128_S128_Inaba_2023,Inaba,campsite,cluster-a,Nzulo
136_S136_Ogawa_2023,Ogawa,env,env,Buhimba
4254_S67_Inaba_2023,Inaba,campsite,cluster-a,Nzulo
94_S94_Hikojima_2023,Hikojima,campsite,cluster-b,Buhimba
4253_23_S80_Inaba_2023,Inaba,campsite,cluster-a,Nzulo
4255_23_S78_Inaba_2023,Inaba,campsite,cluster-a,Nzulo
56_S56_Inaba_2023,Inaba,campsite,cluster-c,Rusayo
111_S111_Ogawa_2023,Ogawa,campsite,cluster-c,Rusayo
115_S115_Inaba_2023,Inaba,campsite,cluster-c,Rusayo
130_S130_Inaba_2023,Inaba,campsite,cluster-c,Rusayo
6_S6_Ogawa_2023,Ogawa,campsite,cluster-e,Kanyaruchinya
135_S135_Ogawa_2023,Ogawa,env,env,Kiziba
106_S106_Inaba_2023,Inaba,campsite,cluster-a,Nzulo
110_S110_Ogawa_2023,Ogawa,campsite,cluster-e,Bushagara
113_S113_Ogawa_2023,Ogawa,campsite,cluster-e,Munigi
114_S114_Inaba_2023,Inaba,campsite,cluster-e,Kanyaruchinya
4378_23_S77_Ogawa_2023,Ogawa,campsite,cluster-a,Nzulo
4520_23_S85_Inaba_2023,Inaba,campsite,cluster-a,Nzulo
4264_S63_Hikojima_2023,Hikojima,campsite,cluster-e,Bushagara
7090_S37_Inaba_2023,Inaba,campsite,cluster-e,Bushagara
7614_S36_Inaba_2023,Inaba,campsite,cluster-e,Bushagara
4311_S61_Ogawa_2023,Ogawa,campsite,cluster-e,Bushagara
9344_S41_Ogawa_2023,Ogawa,campsite,cluster-d,Don-Bosco
9345_S45_Inaba_2023,Inaba,campsite,cluster-d,Don-Bosco
9358_S40_Inaba_2023,Inaba,campsite,cluster-d,Don-Bosco
9656_S42_Inaba_2023,Inaba,campsite,cluster-d,Don-Bosco
10020_S39_Inaba_2023,Inaba,campsite,cluster-d,Don-Bosco
10064_S44_Ogawa_2023,Ogawa,campsite,cluster-d,Don-Bosco
10144_S43_Inaba_2023,Inaba,campsite,cluster-d,Don-Bosco
10153_S46_Inaba_2023,Inaba,campsite,cluster-d,Don-Bosco
10322_S38_Inaba_2023,Inaba,campsite,cluster-d,Don-Bosco
10418_S47_Inaba_2023,Inaba,campsite,cluster-d,Don-Bosco
10649_S48_Inaba_2023,Inaba,campsite,cluster-d,Don-Bosco
7514_S60_Inaba_2024,Inaba,ctc,ctc, Mugungga
7517_S1_Inaba_2024,Inaba,campsite,cluster-d,Don-Bosco
7527_S49_Inaba_2024,Inaba,campsite,cluster-e,Kanyaruchinya
7531_S61_Inaba_2024,Inaba,campsite,cluster-c,Rusayo
7534_S62_Inaba_2024,Inaba,ctc,ctc, Keshero
7575_S2_Inaba_2024,Inaba,campsite,cluster-a,Nzulo
7656_S63_Inaba_2024,Inaba,campsite,cluster-c,Rusayo
7661_S64_Inaba_2024,Inaba,campsite,cluster-c,Rusayo
7685_S65_Inaba_2024,Inaba,ctc,ctc, Mugungga
7691_S3_Inaba_2024,Inaba,ctc,ctc,Buhimba
7704_S66_Inaba_2024,Inaba,campsite,cluster-e,Kanyaruchinya
7776_S4_Inaba_2024,Inaba,campsite,cluster-d,Don-Bosco
7798_S5_Inaba_2024,Inaba,campsite,cluster-d,Don-Bosco
7827_S6_Inaba_2024,Inaba,campsite,cluster-c,Rusayo
7833_S67_Inaba_2024,Inaba,ctc,ctc,Buhimba
7849_S7_Inaba_2024,Inaba,campsite,cluster-d,Don-Bosco
7854_S68_Inaba_2024,Inaba,campsite,cluster-d,Don-Bosco
7862_S8_Inaba_2024,Inaba,campsite,cluster-c,Rusayo
7950_S69_Inaba_2024,Inaba,campsite,cluster-e,Kanyaruchinya
7981_S70_Inaba_2024,Inaba,ctc,ctc,Buhimba
7988_S71_Inaba_2024,Inaba,ctc,ctc, Mugungga
7995_S9_Inaba_2024,Inaba,campsite,cluster-d,Don-Bosco
8052_S10_Inaba_2024,Inaba,campsite,cluster-d,Don-Bosco
8056_S11_Inaba_2024,Inaba,campsite,cluster-c,Rusayo
8080_S72_Inaba_2024,Inaba,campsite,cluster-c,Rusayo
8096_S12_Inaba_2024,Inaba,campsite,cluster-d,Don-Bosco
8115_S73_Inaba_2024,Inaba,ctc,ctc, Mugungga
8123_S74_Inaba_2024,Inaba,campsite,cluster-e,Kanyaruchinya
8135_S75_Inaba_2024,Inaba,ctc,ctc,Buhimba
8172_S13_Inaba_2024,Inaba,campsite,cluster-c,Rusayo
8237_S94_Inaba_2024,Inaba,ctc,ctc, Mugungga
8247_S93_Inaba_2024,Inaba,campsite,cluster-d,Don-Bosco
8269_S16_Inaba_2024,Inaba,ctc,ctc,Buhimba
8300_S76_Inaba_2024,Inaba,campsite,cluster-c,Rusayo
8306_S91_Inaba_2024,Inaba,campsite,cluster-e,Kanyaruchinya
8308_S92_Inaba_2024,Inaba,campsite,cluster-e,Kanyaruchinya
8311_S77_Inaba_2024,Inaba,campsite,cluster-e,Kanyaruchinya
8446_S17_Inaba_2024,Inaba,campsite,cluster-e,Kanyaruchinya
8454_S18_Inaba_2024,Inaba,campsite,cluster-c,Rusayo
8456_S50_Inaba_2024,Inaba,ctc,ctc, Mugungga
8459_S19_Inaba_2024,Inaba,campsite,cluster-e,Kanyaruchinya
8464_S20_Inaba_2024,Inaba,campsite,cluster-c,Rusayo
8481_S95_Inaba_2024,Inaba,ctc,ctc,Buhimba
8512_S96_Inaba_2024,Inaba,campsite,cluster-c,Rusayo
8527_S21_Inaba_2024,Inaba,ctc,ctc,Buhimba
8585_S22_Inaba_2024,Inaba,campsite,cluster-e,Kanyaruchinya
8611_S23_Inaba_2024,Inaba,campsite,cluster-c,Rusayo
8616_S14_Inaba_2024,Inaba,campsite,cluster-c,Rusayo
8617_S15_Inaba_2024,Inaba,campsite,cluster-c,Rusayo
8618_S24_Inaba_2024,Inaba,campsite,cluster-d,Don-Bosco
8631_S25_Inaba_2024,Inaba,campsite,cluster-c,Rusayo
8683_S78_Inaba_2024,Inaba,campsite,cluster-c,Rusayo
8696_S26_Inaba_2024,Inaba,campsite,cluster-c,Rusayo
8699_S27_Inaba_2024,Inaba,campsite,cluster-e,Kanyaruchinya
8743_S79_Inaba_2024,Inaba,ctc,ctc,Buhimba
8746_S28_Inaba_2024,Inaba,campsite,cluster-e,Kanyaruchinya
8751_S80_Inaba_2024,Inaba,campsite,cluster-e,Kanyaruchinya
8795_S52_Inaba_2024,Inaba,campsite,cluster-d,Don-Bosco
8811_S53_Inaba_2024,Inaba,campsite,cluster-d,Don-Bosco
8813_S29_Inaba_2024,Inaba,campsite,cluster-d,Don-Bosco
8814_S30_Inaba_2024,Inaba,ctc,ctc,Kasika
8815_S31_Inaba_2024,Inaba,ctc,ctc, Mugungga
8868_S32_Inaba_2024,Inaba,campsite,cluster-d,Don-Bosco
8883_S33_Inaba_2024,Inaba,ctc,ctc,Kiziba
8934_S34_Inaba_2024,Inaba,campsite,cluster-d,Don-Bosco
8977_S51_Inaba_2024,Inaba,ctc,ctc, Mugungga
9033_S81_Ogawa_2024,Ogawa,campsite,cluster-d,Don-Bosco
9043_S35_Inaba_2024,Inaba,campsite,cluster-e,Kanyaruchinya
9045_S82_Inaba_2024,Inaba,ctc,ctc, Mugungga
9051_S48_Inaba_2024,Inaba,ctc,ctc,Buhimba
9052_S83_Ogawa_2024,Ogawa,ctc,ctc,Kiziba
9196_S36_Inaba_2024,Inaba,campsite,cluster-a,Nzulo
9205_S84_Inaba_2024,Inaba,campsite,cluster-e,Kanyaruchinya
9209_S54_Inaba_2024,Inaba,ctc,ctc, Mugungga
9211_S85_Inaba_2024,Inaba,ctc,ctc,Buhimba
9360_S55_Inaba_2024,Inaba,ctc,ctc,Bakara
9372_S37_Inaba_2024,Inaba,campsite,cluster-d,Don-Bosco
9373_S38_Inaba_2024,Inaba,campsite,cluster-d,Don-Bosco
9425_S39_Inaba_2024,Inaba,campsite,cluster-d,Don-Bosco
9426_S40_Inaba_2024,Inaba,campsite,cluster-c,Rusayo
9427_S41_Inaba_2024,Inaba,campsite,cluster-c,Rusayo
9437_S56_Inaba_2024,Inaba,ctc,ctc, Mugungga
9438_S86_Inaba_2024,Inaba,ctc,ctc, HGR
9439_S57_Inaba_2024,Inaba,ctc,ctc, HGR
9471_S87_Inaba_2024,Inaba,ctc,ctc,Buhimba
9495_S88_Inaba_2024,Inaba,campsite,cluster-e,Kanyaruchinya
9551_S42_Inaba_2024,Inaba,campsite,cluster-e,Kanyaruchinya
9554_S43_Inaba_2024,Inaba,campsite,cluster-e,Kanyaruchinya
9570_S58_Inaba_2024,Inaba,ctc,ctc, Mugungga
9629_S44_Inaba_2024,Inaba,campsite,cluster-e,Kanyaruchinya
9631_S45_Inaba_2024,Inaba,campsite,cluster-e,Kanyaruchinya
9784_S89_Inaba_2024,Inaba,ctc,ctc,Buhimba
10034_S59_Inaba_2024,Inaba,campsite,cluster-d,Don-Bosco
10061_S46_Inaba_2024,Inaba,ctc,ctc, Mugungga
10076_S47_Inaba_2024,Inaba,campsite,cluster-a,Nzulo
10088_S90_Inaba_2024,Inaba,ctc,ctc,Buhimba